"Code","Waarde","DatumVanaf","DatumTot"
"1","ABG00","2000-01-01",
"2","AMR03","2000-01-01",
"3","AAL02","2000-01-01",
"4","AAL01","2000-01-01",
"5","ATN02","2000-01-01",
"6","ADB00","2000-01-01",
"7","ALD00","2000-01-01",
"8","ALE00","2000-01-01",
"9","ABK00","2000-01-01","2009-01-01"
"10","ABB00","2000-01-01",
"11","ACD00","2000-01-01",
"12","ASD40","2000-01-01",
"13","ADP00","2000-01-01",
"14","ADA00","2000-01-01",
"15","AER00","2000-01-01",
"16","AFD00","2000-01-01",
"17","AKS01","2000-01-01",
"18","AKW00","2000-01-01",
"19","AKM02","2000-01-01",
"20","ABS01","2000-01-01",
"21","ALM00","2000-01-01",
"22","AKM01","2000-01-01",
"23","AMR01","2000-01-01",
"24","AMN00","2000-01-01",
"25","AMR04","2000-01-01",
"26","APN02","2000-01-01",
"27","APN01","2000-01-01",
"28","APN03","2000-01-01",
"29","AML01","2000-01-01",
"30","DDN01","2000-01-01",
"31","DTC01","2000-01-01",
"32","HDB01","2000-01-01",
"33","OMN01","2000-01-01",
"34","ABY00","2000-01-01",
"35","AMD00","2000-01-01",
"36","AMR02","2000-01-01",
"37","AMF00","2000-01-01",
"38","AMS01","2000-01-01",
"39","AMZ00","2000-01-01",
"40","ASV00","2000-01-01",
"41","ASR00","2000-01-01",
"42","ASD02","2000-01-01",
"43","ASD03","2000-01-01",
"44","ASD04","2000-01-01",
"45","ASD05","2000-01-01",
"46","ASD06","2000-01-01",
"47","ASD07","2000-01-01",
"48","ASD08","2000-01-01",
"49","ASD09","2000-01-01",
"50","ASD10","2000-01-01",
"51","ASD11","2000-01-01",
"52","ASD12","2000-01-01",
"53","ASD13","2000-01-01",
"54","ASD14","2000-01-01",
"55","ASD15","2000-01-01",
"56","ASD16","2000-01-01",
"57","ASD17","2000-01-01",
"58","ASD18","2000-01-01",
"59","ASD19","2000-01-01",
"60","ASD20","2000-01-01",
"61","ASD21","2000-01-01",
"62","ASD22","2000-01-01",
"63","ASD23","2000-01-01",
"64","ASD24","2000-01-01",
"65","ASD25","2000-01-01",
"66","ASD26","2000-01-01",
"67","ASD27","2000-01-01",
"68","ASD28","2000-01-01",
"69","ASD29","2000-01-01",
"70","ASD30","2000-01-01",
"71","ASD31","2000-01-01",
"72","ASD32","2000-01-01",
"73","ASD33","2000-01-01",
"74","ASD34","2000-01-01",
"75","ASD35","2000-01-01",
"76","ASD36","2000-01-01",
"77","ASD37","2000-01-01",
"78","ASD38","2000-01-01","2009-01-01"
"79","ASD39","2000-01-01","2009-01-01"
"80","ASD41","2000-01-01",
"81","ASD42","2000-01-01",
"82","ASD43","2000-01-01",
"83","ADK00","2000-01-01",
"84","AGR00","2000-01-01",
"85","AGL00","2000-01-01",
"86","AJM00","2000-01-01",
"87","AKV00","2000-01-01",
"88","ALO00","2000-01-01",
"89","ANA01","2000-01-01",
"90","APD01","2000-01-01",
"91","APD02","2000-01-01",
"92","APD03","2000-01-01",
"93","APD04","2000-01-01",
"94","APT00","2000-01-01",
"95","APG00","2000-01-01",
"96","ACN00","2000-01-01",
"97","AKL00","2000-01-01",
"98","ANM00","2000-01-01",
"99","AHM01","2000-01-01",
"100","AHM02","2000-01-01",
"101","AHM03","2000-01-01",
"102","AHM04","2000-01-01",
"103","AHM05","2000-01-01",
"104","ARM00","2000-01-01",
"105","APR00","2000-01-01",
"106","ASN00","2000-01-01",
"107","ASD01","2000-01-01",
"108","ATN01","2000-01-01",
"109","AVE00","2000-01-01",
"110","AEL00","2000-01-01",
"111","BBG02","2000-01-01",
"112","BAA02","2000-01-01",
"113","BWK03","2000-01-01","2009-01-01"
"114","BLE01","2000-01-01",
"115","BAA01","2000-01-01",
"116","BXM00","2000-01-01",
"117","BLO00","2000-01-01",
"118","BAH00","2000-01-01",
"119","BKL02","2000-01-01",
"120","BGY00","2000-01-01",
"121","BAL00","2000-01-01",
"122","BLM00","2000-01-01",
"123","BRD00","2000-01-01",
"124","BNV00","2000-01-01",
"125","BSG00 ","2000-01-01",
"126","BWW00","2000-01-01",
"127","BTB00","2000-01-01",
"128","BAT00","2000-01-01","2009-01-01"
"129","BMN02","2000-01-01",
"130","BDM00","2000-01-01",
"131","BDN00","2000-01-01",
"132","BEE02","2000-01-01",
"133","BEE01","2000-01-01",
"134","BBG01","2000-01-01",
"135","BSR00","2000-01-01",
"136","BEE04","2000-01-01","2009-01-01"
"137","BTA00","2000-01-01",
"138","BEE03","2000-01-01",
"139","BSL02","2000-01-01",
"140","BGM01","2000-01-01",
"141","BEE05","2000-01-01",
"142","BSZ00","2000-01-01",
"143","BLN00","2000-01-01",
"144","BFD00","2000-01-01",
"145","BLW00","2000-01-01",
"146","BTM00","2000-01-01","2009-01-01"
"147","BML01","2000-01-01",
"148","BML02","2000-01-01",
"149","BNB00","2000-01-01",
"150","BNK01","2000-01-01",
"151","BSP00","2000-01-01",
"152","BHZ02","2000-01-01",
"153","BER01","2000-01-01",
"154","BAB00","2000-01-01",
"155","BEK00","2000-01-01",
"156","BGN02","2000-01-01",
"157","BGN03","2000-01-01",
"158","BGN01","2000-01-01",
"159","BER02","2000-01-01",
"160","BHR02","2000-01-01",
"161","BHM00","2000-01-01",
"162","BSH00","2000-01-01",
"163","BGM02","2000-01-01",
"164","BKL04","2000-01-01",
"165","BKL01","2000-01-01",
"166","BKW00","2000-01-01",
"167","BLC00","2000-01-01",
"168","BLK00","2000-01-01",
"169","BNS04","2000-01-01",
"170","BSE00","2000-01-01","2009-01-01"
"171","BES00","2000-01-01",
"172","BNG00","2000-01-01",
"173","BSC00","2000-01-01",
"174","BVW00","2000-01-01",
"175","BRM01","2000-01-01",
"176","BGR02","2000-01-01",
"177","BDD00","2000-01-01",
"178","BDL01","2000-01-01",
"179","BKH00","2000-01-01",
"180","BRC00","2000-01-01",
"181","BWK02","2000-01-01",
"182","BDK00","2000-01-01",
"183","BKG00","2000-01-01",
"184","BJA00","2000-01-01",
"185","BMD00","2000-01-01",
"186","BZL00","2000-01-01",
"187","BCZ00","2000-01-01",
"188","BDG00","2000-01-01",
"189","BKL05","2000-01-01",
"190","BWD01","2000-01-01",
"191","BBG03","2000-01-01",
"192","BCL00","2000-01-01",
"193","BGR01","2000-01-01",
"194","BHR01","2000-01-01",
"195","BKL06","2000-01-01",
"196","BOR00","2000-01-01",
"197","BNE00","2000-01-01",
"198","BSL01","2000-01-01",
"199","BKP00","2000-01-01",
"200","BVK00","2000-01-01","2009-01-01"
"201","BMR00","2000-01-01",
"202","BTL00","2000-01-01",
"203","BKL08","2000-01-01",
"204","BWK01","2000-01-01",
"205","BDA00","2000-01-01",
"206","BDW00","2000-01-01",
"207","BDV00","2000-01-01",
"208","BKL09","2000-01-01",
"209","BKL03","2000-01-01",
"210","BKL07","2000-01-01",
"211","BLE02","2000-01-01",
"212","BRO00","2000-01-01",
"213","BHZ01","2000-01-01",
"214","BST02","2000-01-01","2009-01-01"
"215","BWH00","2000-01-01",
"216","BNS00","2000-01-01",
"217","BMN01","2000-01-01",
"218","BSM02","2000-01-01",
"219","BDL02","2000-01-01",
"220","BGN04","2000-01-01",
"221","BTP00","2000-01-01",
"222","BDE00","2000-01-01",
"223","BNK02","2000-01-01",
"224","BST01","2000-01-01",
"225","BRN00","2000-01-01",
"226","BWD02","2000-01-01",
"227","BRM02","2000-01-01",
"228","BSM01","2000-01-01",
"229","BMS00","2000-01-01",
"230","CDR00","2000-01-01",
"231","CZD00","2000-01-01","2009-01-01"
"232","CLO00","2000-01-01",
"233","CPL02","2000-01-01",
"234","CPL01","2000-01-01",
"235","CTC00","2000-01-01",
"236","CTR00","2000-01-01",
"237","CHA00","2000-01-01",
"238","CLS00","2000-01-01",
"239","CGE00","2000-01-01","2009-01-01"
"240","CVD00","2000-01-01",
"241","CTN00","2000-01-01",
"242","CUI00","2000-01-01",
"243","CLB00","2000-01-01",
"244","DLN00","2000-01-01",
"245","DSN01","2000-01-01",
"246","BIL01","2000-01-01",
"247","LIE00","2000-01-01",
"248","RIJ00","2000-01-01",
"249","WIJ03","2000-01-01",
"250","DEI00","2000-01-01",
"251","DNM00","2000-01-01",
"252","DHV00","2000-01-01",
"253","DEL00","2000-01-01",
"254","DZL01","2000-01-01",
"255","BML03","2000-01-01",
"256","DGN02","2000-01-01",
"257","HAM00","2000-01-01",
"258","HDR00","2000-01-01",
"259","DNK00","2000-01-01",
"260","DNE00","2000-01-01",
"261","DVT00","2000-01-01",
"262","DDM00","2000-01-01",
"263","DMN00","2000-01-01",
"264","DPH00","2000-01-01",
"265","DPV00","2000-01-01",
"266","DRN00","2000-01-01",
"267","DSN02","2000-01-01",
"268","DVR00","2000-01-01",
"269","DTO02","2000-01-01",
"270","DPL00","2000-01-01",
"271","DLD00","2000-01-01",
"272","DDW00","2000-01-01",
"273","DBG02","2000-01-01",
"274","DKM00","2000-01-01",
"275","DBG03","2000-01-01",
"276","DML01","2000-01-01","2009-01-01"
"277","DGN01","2000-01-01",
"278","DKB00","2000-01-01",
"279","DOO00","2000-01-01",
"280","DNB00","2000-01-01",
"281","DSK00","2000-01-01",
"282","DWH00","2000-01-01",
"283","DDT00","2000-01-01",
"284","DTN02","2000-01-01",
"285","DTL00","2000-01-01",
"286","DML02","2000-01-01",
"287","DBG01","2000-01-01",
"288","DRI00","2000-01-01",
"289","DGH00","2000-01-01",
"290","DRP00","2000-01-01",
"291","DTN01","2000-01-01",
"292","DNN00","2000-01-01",
"293","DTN03","2000-01-01",
"294","DBD00","2000-01-01",
"295","DVL00","2000-01-01",
"296","DVN00","2000-01-01",
"297","DZL02","2000-01-01","2009-01-01"
"298","DSN03","2000-01-01",
"299","DWD00","2000-01-01",
"300","DGL00","2000-01-01",
"301","ECH00","2000-01-01",
"302","ETD00","2000-01-01",
"303","ECK00","2000-01-01",
"304","EDM00","2000-01-01",
"305","EDE01","2000-01-01",
"306","EEX00","2000-01-01",
"307","EDE02","2000-01-01",
"308","ENS00","2000-01-01",
"309","ERM00","2000-01-01",
"310","ESL00","2000-01-01",
"311","EMD01","2000-01-01",
"312","EMD02","2000-01-01",
"313","EBG02","2000-01-01",
"314","EDN00","2000-01-01",
"315","EHV00","2000-01-01",
"316","EBG01","2000-01-01",
"317","ELO00","2000-01-01",
"318","ELS00","2000-01-01",
"319","EMN00","2000-01-01",
"320","EPL00","2000-01-01","2009-01-01"
"321","EHZ00","2000-01-01",
"322","ESD00","2000-01-01",
"323","EPE00","2000-01-01",
"324","EML00","2000-01-01",
"325","ERP00","2000-01-01",
"326","ESC00","2000-01-01",
"327","EST00","2000-01-01",
"328","ETN02","2000-01-01","2009-01-01"
"329","ETN01","2000-01-01",
"330","EVD00","2000-01-01",
"331","EWK00","2000-01-01",
"332","EGH00","2000-01-01","2009-01-01"
"333","EZG00","2000-01-01",
"334","FWD00","2000-01-01",
"335","FNT01","2000-01-01",
"336","FSW00","2000-01-01",
"337","FNK00","2000-01-01",
"338","GAA00","2000-01-01",
"339","GMR00","2000-01-01",
"340","GDR03","2000-01-01",
"341","GSL02","2000-01-01","2009-01-01"
"342","GST00","2000-01-01",
"343","GTD01","2000-01-01",
"344","GVT00","2000-01-01",
"345","GTR00","2000-01-01",
"346","GFN00","2000-01-01",
"347","GDM00","2000-01-01",
"348","GDP00","2000-01-01",
"349","GLN00","2000-01-01",
"350","GMT00","2000-01-01",
"351","GDG00","2000-01-01",
"352","GEN00","2000-01-01",
"353","GNM00","2000-01-01",
"354","GNP00","2000-01-01",
"355","GTL01","2000-01-01",
"356","GLE02","2000-01-01",
"357","GKK02","2000-01-01",
"358","GSB00","2000-01-01",
"359","GTN00","2000-01-01",
"360","GHN00","2000-01-01",
"361","GZE00","2000-01-01",
"362","GNK02","2000-01-01",
"363","GDR01","2000-01-01",
"364","GOE00","2000-01-01",
"365","GLE01","2000-01-01",
"366","GOO00","2000-01-01",
"367","GRC00","2000-01-01",
"368","GRD00","2000-01-01",
"369","GSL01","2000-01-01",
"370","GDA01","2000-01-01",
"371","GDR02","2000-01-01",
"372","GDA02","2000-01-01",
"373","GWD00","2000-01-01",
"374","GRA00","2000-01-01","2009-01-01"
"375","GHT00","2000-01-01","2009-01-01"
"376","GRA02","2000-01-01","2009-01-01"
"377","GRA03","2000-01-01",
"378","GBG00","2000-01-01",
"379","GTM00","2000-01-01",
"380","GVE00","2000-01-01",
"381","GVB00","2000-01-01",
"382","GKK01","2000-01-01",
"383","GLO00","2000-01-01",
"384","GBK00","2000-01-01",
"385","GSN00","2000-01-01",
"386","GNG00","2000-01-01",
"387","GNG01","2000-01-01",
"388","GVD01","2000-01-01",
"389","AMS02","2000-01-01",
"390","GTB00","2000-01-01","2009-01-01"
"391","GTG00","2000-01-01",
"392","GRO00","2000-01-01",
"393","GBV00","2000-01-01",
"394","GPN00","2000-01-01",
"395","HTN05","2000-01-01",
"396","HBG01","2000-01-01",
"397","HRN02","2000-01-01",
"398","HLM01","2000-01-01",
"399","HLM02","2000-01-01",
"400","HLM04","2000-01-01",
"401","HLM03","2000-01-01",
"402","HTT01","2000-01-01",
"403","HLN02","2000-01-01",
"404","HGS00","2000-01-01",
"405","HAL00","2000-01-01",
"406","HLM05","2000-01-01",
"407","HSR00","2000-01-01",
"408","HAP00","2000-01-01","2009-01-01"
"409","HDG00","2000-01-01",
"410","HDW00","2000-01-01",
"411","HDV00","2000-01-01",
"412","HRN01","2000-01-01",
"413","HRK00","2000-01-01",
"414","HSD02","2000-01-01","2009-01-01"
"415","HLG02","2000-01-01",
"416","HML01","2000-01-01",
"417","HST00","2000-01-01",
"418","HTT02","2000-01-01",
"419","HTM00","2000-01-01",
"420","HVT03","2000-01-01",
"421","HZW00","2000-01-01",
"422","HDL01","2000-01-01",
"423","HEE04","2000-01-01",
"424","HEE01","2000-01-01",
"425","HKK01","2000-01-01",
"426","HSD01","2000-01-01",
"427","HVT04","2000-01-01",
"428","HEE03","2000-01-01",
"429","HDE00","2000-01-01",
"430","HRV01","2000-01-01",
"431","HRW00","2000-01-01",
"432","HHG00","2000-01-01",
"433","HJD00","2000-01-01",
"434","HLN01","2000-01-01",
"435","HEE02","2000-01-01",
"436","HWK02","2000-01-01",
"437","HZE00","2000-01-01",
"438","HEI00","2000-01-01",
"439","HLO00","2000-01-01",
"440","HNO02","2000-01-01",
"441","HNO01","2000-01-01",
"442","HKD00","2000-01-01",
"443","HDN01","2000-01-01",
"444","HLD01","2000-01-01",
"445","HLV01","2000-01-01",
"446","HMD00","2000-01-01",
"447","HMN02","2000-01-01",
"448","HVT02","2000-01-01",
"449","HDK03","2000-01-01",
"450","HGL02","2000-01-01",
"451","HGL01","2000-01-01",
"452","HKG00","2000-01-01",
"453","HNN00","2000-01-01","2009-01-01"
"454","HTN02","2000-01-01",
"455","HWN01","2000-01-01",
"456","HWN02","2000-01-01",
"457","HTR00","2000-01-01",
"458","HKL00","2000-01-01",
"459","HMN01","2000-01-01",
"460","HDN02","2000-01-01",
"461","HHS00","2000-01-01",
"462","HIE00","2000-01-01",
"463","HUM00","2000-01-01",
"464","HLG03","2000-01-01",
"465","HLG01","2000-01-01",
"466","HVR00","2000-01-01",
"467","HVS00","2000-01-01",
"468","HDL02","2000-01-01",
"469","HOE02","2000-01-01",
"470","HOE01","2000-01-01",
"471","HBK00","2000-01-01",
"472","HVL00","2000-01-01",
"473","HVN00","2000-01-01",
"474","HTN03","2000-01-01",
"475","HWD00","2000-01-01",
"476","HTN01","2000-01-01",
"477","SRN00","2000-01-01",
"478","HBL00","2000-01-01",
"479","MDE02","2000-01-01",
"480","ZLW00","2000-01-01",
"481","HGL04","2000-01-01",
"482","HGV00","2000-01-01",
"483","HGZ00","2000-01-01",
"484","HKS00","2000-01-01","2009-01-01"
"485","HKK02","2000-01-01",
"486","HLD02","2000-01-01",
"487","HVT01","2000-01-01",
"488","HOO00","2000-01-01",
"489","HNR00","2000-01-01",
"490","HOR02","2000-01-01",
"491","HSN02","2000-01-01",
"492","HOR01","2000-01-01",
"493","HTN04","2000-01-01",
"494","HHM00","2000-01-01",
"495","HBG03","2000-01-01",
"496","HSN01","2000-01-01",
"497","HZN00","2000-01-01",
"498","HZM00","2000-01-01",
"499","HBG02","2000-01-01",
"500","HUL00","2000-01-01",
"501","HML02","2000-01-01",
"502","HSL00","2000-01-01",
"503","IJL00","2000-01-01",
"504","IMD00","2000-01-01",
"505","ISH00","2000-01-01",
"506","ISM03","2000-01-01","2009-01-01"
"507","ISM04","2000-01-01","2009-01-01"
"508","ISM01","2000-01-01",
"509","ISM02","2000-01-01",
"510","ISS00","2000-01-01",
"511","IPD00","2000-01-01","2009-01-01"
"512","IGN00","2000-01-01",
"513","ITR00","2000-01-01",
"514","ITV00","2000-01-01",
"515","JVD00","2000-01-01",
"516","JBK00","2000-01-01",
"517","JSM00","2000-01-01",
"518","JIS00","2000-01-01",
"519","JWD00","2000-01-01",
"520","JRE00","2000-01-01",
"521","JPS00","2000-01-01",
"522","KMR00","2000-01-01",
"523","KPN01","2000-01-01",
"524","KTS00","2000-01-01",
"525","KPL01","2000-01-01",
"526","KTD00","2000-01-01","2009-01-01"
"527","KWK01","2000-01-01",
"528","KWD00","2000-01-01",
"529","KDC00","2000-01-01",
"530","KPL02","2000-01-01",
"531","KRD00","2000-01-01",
"532","KWK02","2000-01-01",
"533","KSL00","2000-01-01",
"534","KTR00","2000-01-01",
"535","KWL00","2000-01-01",
"536","KMN02","2000-01-01",
"537","KTG00","2000-01-01",
"538","KTB00","2000-01-01",
"539","KDT00","2000-01-01",
"540","KPE00","2000-01-01",
"541","KKG00","2000-01-01",
"542","KLM00","2000-01-01",
"543","KOO00","2000-01-01",
"544","KTN00","2000-01-01",
"545","KTH00","2000-01-01",
"546","KGN00","2000-01-01",
"547","KDK02","2000-01-01",
"548","KDM00","2000-01-01",
"549","KBD00","2000-01-01",
"550","KLG00","2000-01-01",
"551","KPN03","2000-01-01",
"552","KPN02","2000-01-01",
"553","KRI00","2000-01-01",
"554","KMN01","2000-01-01",
"555","KNG00","2000-01-01",
"556","KRE00","2000-01-01",
"557","KDK01","2000-01-01",
"558","NKP02","2000-01-01","2009-01-01"
"559","LGF00","2000-01-01",
"560","LMR02","2000-01-01",
"561","LBK02","2000-01-01",
"562","WDE02","2000-01-01",
"563","LGD00","2000-01-01",
"564","LGR00","2000-01-01",
"565","LGZ00","2000-01-01",
"566","LWR02","2000-01-01",
"567","LRN01","2000-01-01",
"568","LRN02","2000-01-01",
"569","LRN03","2000-01-01",
"570","LWR01","2000-01-01",
"571","LEE01","2000-01-01",
"572","LDE01","2000-01-01",
"573","LEE02","2000-01-01",
"574","LBK01","2000-01-01",
"575","LDM00","2000-01-01",
"576","LSM00","2000-01-01",
"577","LWD00","2000-01-01",
"578","LWN00","2000-01-01",
"579","LDN01","2000-01-01",
"580","LDD00","2000-01-01",
"581","LMD02","2000-01-01",
"582","LKK00","2000-01-01",
"583","LLS00","2000-01-01",
"584","LMR01","2000-01-01",
"585","LEN00","2000-01-01",
"586","LDN02","2000-01-01",
"587","LEU00","2000-01-01",
"588","LMD01","2000-01-01",
"589","LTV00","2000-01-01",
"590","LDE02","2000-01-01",
"591","LDN04","2000-01-01",
"592","LRP00","2000-01-01","2009-01-01"
"593","LHT00","2000-01-01",
"594","VWE00","2000-01-01",
"595","LBT00","2000-01-01",
"596","LMN00","2000-01-01",
"597","LNE00","2000-01-01",
"598","LST00","2000-01-01",
"599","LPH00","2000-01-01",
"600","LSE00","2000-01-01",
"601","LIT00","2000-01-01",
"602","LHE00","2000-01-01",
"603","LBH00","2000-01-01",
"604","LCM00","2000-01-01",
"605","LNN00","2000-01-01",
"606","LNS00","2000-01-01","2009-01-01"
"607","LNK00","2000-01-01",
"608","LOO00","2000-01-01",
"609","LDT00","2000-01-01",
"610","LDN03","2000-01-01",
"611","LPK00","2000-01-01",
"612","LPS00","2000-01-01",
"613","LSR00","2000-01-01",
"614","LTR00","2000-01-01",
"615","LGT00","2000-01-01",
"616","MHZ00","2000-01-01",
"617","MAA00","2000-01-01",
"618","MSV00","2000-01-01",
"619","MSN02","2000-01-01",
"620","MTD02","2000-01-01",
"621","MBM00","2000-01-01",
"622","MBT00","2000-01-01",
"623","MBE00","2000-01-01",
"624","MDM01","2000-01-01",
"625","MDL01","2000-01-01",
"626","MHS00","2000-01-01","2009-01-01"
"627","MLD00","2000-01-01",
"628","MNL00","2000-01-01",
"629","MSS00","2000-01-01",
"630","MTT00","2000-01-01",
"631","MDE01","2000-01-01",
"632","MKG00","2000-01-01",
"633","MKM00","2000-01-01",
"634","MGT02","2000-01-01",
"635","MRK02","2000-01-01",
"636","MKL00","2000-01-01",
"637","MKN00","2000-01-01",
"638","MKM01","2000-01-01","2009-01-01"
"639","MKW00","2000-01-01","2009-01-01"
"640","MRM02","2000-01-01",
"641","MRM01","2000-01-01",
"642","MRK01","2000-01-01",
"643","MDB02","2000-01-01",
"644","MDN02","2000-01-01",
"645","MKK00","2000-01-01",
"646","MLO02","2000-01-01",
"647","MSN01","2000-01-01",
"648","MGN02","2000-01-01",
"649","MEL00","2000-01-01",
"650","MLK00","2000-01-01",
"651","MLS00","2000-01-01",
"652","MPL00","2000-01-01",
"653","MKB00","2000-01-01",
"654","MES00","2000-01-01",
"655","MHE00","2000-01-01",
"656","MDB01","2000-01-01",
"657","MDH00","2000-01-01",
"658","MDL02","2000-01-01",
"659","MDS02","2000-01-01",
"660","MDS01","2000-01-01",
"661","MWD01","2000-01-01",
"662","MWD02","2000-01-01","2009-01-01"
"663","MLO01","2000-01-01",
"664","MDT01","2000-01-01",
"665","MHR00","2000-01-01",
"666","MDM02","2000-01-01",
"667","MIL00","2000-01-01",
"668","MLG00","2000-01-01",
"669","MGN01","2000-01-01",
"670","MGT01","2000-01-01",
"671","MKP00","2000-01-01",
"672","MLN00","2000-01-01",
"673","MNK00","2000-01-01",
"674","MSR00","2000-01-01",
"675","MFT01","2000-01-01",
"676","MFT02","2000-01-01",
"677","MOO00","2000-01-01",
"678","MDT02","2000-01-01",
"679","MDN01","2000-01-01",
"680","MSG00","2000-01-01",
"681","MTD01","2000-01-01",
"682","NWK01","2000-01-01",
"683","NDN00","2000-01-01",
"684","NDA00","2000-01-01",
"685","NDH02","2000-01-01",
"686","NDH01","2000-01-01",
"687","NDW00","2000-01-01",
"688","NDE00","2000-01-01",
"689","NEE00","2000-01-01",
"690","NBH00","2000-01-01",
"691","NIT00","2000-01-01",
"692","NES02","2000-01-01",
"693","NES01","2000-01-01",
"694","NWK24","2000-01-01","2012-01-01"
"695","NWK14","2000-01-01","2012-01-01"
"696","NWK25","2000-01-01","2012-01-01"
"697","NWK21","2000-01-01","2012-01-01"
"698","NWK13","2000-01-01","2012-01-01"
"699","NWK19","2000-01-01","2012-01-01"
"700","NWK22","2000-01-01","2012-01-01"
"701","NWK20","2000-01-01","2012-01-01"
"702","NWK26","2000-01-01","2012-01-01"
"703","NWK12","2000-01-01","2012-01-01"
"704","NWK18","2000-01-01","2012-01-01"
"705","NWK15","2000-01-01","2012-01-01"
"706","NWK17","2000-01-01",
"707","NWK16","2000-01-01","2012-01-01"
"708","NWK23","2000-01-01","2012-01-01"
"709","NBW00","2000-01-01","2009-01-01"
"710","NDP02","2000-01-01",
"711","BEL03","2000-01-01",
"712","PKL01","2000-01-01",
"713","TGE00","2000-01-01",
"714","NWD01","2000-01-01",
"715","NWH01","2000-01-01",
"716","NWH02","2000-01-01",
"717","NWK03","2000-01-01",
"718","NWS00","2000-01-01",
"719","GNK01","2000-01-01",
"720","HLV02","2000-01-01",
"721","NKP01","2000-01-01",
"722","NLD01","2000-01-01",
"723","NLD02","2000-01-01",
"724","LKL00","2000-01-01",
"725","NLS00","2000-01-01",
"726","NWD03","2000-01-01",
"727","NPT00","2000-01-01",
"728","NST02","2000-01-01",
"729","NVN00","2000-01-01",
"730","VSM02","2000-01-01",
"731","NTK00","2000-01-01",
"732","NTV00","2000-01-01",
"733","NBK02","2000-01-01",
"734","NEK00","2000-01-01",
"735","NEV00","2000-01-01",
"736","NKK01","2000-01-01",
"737","NKK02","2000-01-01",
"738","NMG00","2000-01-01",
"739","NTR00","2000-01-01",
"740","NBK03","2000-01-01",
"741","NBK01","2000-01-01",
"742","NDK00","2000-01-01",
"743","NDL00","2000-01-01",
"744","KGL01","2000-01-01",
"745","NOP00","2000-01-01",
"746","NWK02","2000-01-01",
"747","NWK04","2000-01-01",
"748","NWD02","2000-01-01",
"749","NZE04","2000-01-01",
"750","NZE03","2000-01-01",
"751","NZE01","2000-01-01",
"752","NZE02","2000-01-01",
"753","NZE05","2000-01-01",
"754","NZE06","2000-01-01",
"755","NZE07","2000-01-01","2012-01-01"
"756","NDP01","2000-01-01",
"757","NOR00","2000-01-01",
"758","NNN00","2000-01-01",
"759","NLD03","2000-01-01",
"760","NMD00","2000-01-01",
"761","NHM00","2000-01-01",
"762","NST01","2000-01-01",
"763","NUT00","2000-01-01",
"764","OBT00","2000-01-01",
"765","ODM01","2000-01-01",
"766","OTN00","2000-01-01",
"767","ODK02","2000-01-01",
"768","ODN00","2000-01-01",
"769","OFT00","2000-01-01","2009-01-01"
"770","OGT00","2000-01-01",
"771","OLE00","2000-01-01","2009-01-01"
"772","OHE00","2000-01-01",
"773","OEN00","2000-01-01",
"774","OBK00","2000-01-01",
"775","OST00","2000-01-01",
"776","OTW01","2000-01-01",
"777","ODB03","2000-01-01",
"778","ODB04","2000-01-01",
"779","ODB01","2000-01-01",
"780","ODH02","2000-01-01",
"781","ODK01","2000-01-01",
"782","ODM02","2000-01-01",
"783","ODZ00","2000-01-01",
"784","OLS00","2000-01-01",
"785","OMR02","2000-01-01",
"786","OWD00","2000-01-01",
"787","OOI00","2000-01-01",
"788","OGP00","2000-01-01",
"789","MDB03","2000-01-01",
"790","OBG00","2000-01-01",
"791","OTB00","2000-01-01",
"792","OTE00","2000-01-01",
"793","OTH02","2000-01-01",
"794","OTH01","2000-01-01",
"795","OTM00","2000-01-01",
"796","OTW03","2000-01-01",
"797","OTW02","2000-01-01",
"798","OTZ00","2000-01-01",
"799","OFK00","2000-01-01",
"800","OHZ00","2000-01-01",
"801","OVN00","2000-01-01",
"802","OZN00","2000-01-01",
"803","OMS00","2000-01-01",
"804","OHM00","2000-01-01",
"805","OHD00","2000-01-01",
"806","OLO00","2000-01-01",
"807","OMR01","2000-01-01",
"808","OPH00","2000-01-01",
"809","OPD00","2000-01-01","2009-01-01"
"810","OSS00","2000-01-01",
"811","OSD00","2000-01-01",
"812","OTL02","2000-01-01",
"813","OTS00","2000-01-01",
"814","OTL01","2000-01-01",
"815","GTL02","2000-01-01",
"816","ABS02","2000-01-01",
"817","BEL01","2000-01-01",
"818","ODP01","2000-01-01",
"819","PKL02","2000-01-01",
"820","ODG00","2000-01-01",
"821","ODB02","2000-01-01",
"822","ODH01","2000-01-01",
"823","ODR02","2000-01-01",
"824","ASL00","2000-01-01",
"825","ODK04","2000-01-01",
"826","ODT00","2000-01-01",
"827","ODW00","2000-01-01",
"828","ODP02","2000-01-01",
"829","OHN00","2000-01-01",
"830","VKB03","2000-01-01",
"831","VSM03","2000-01-01",
"832","VHV03","2000-01-01",
"833","ZVN02","2000-01-01",
"834","OVA00","2000-01-01",
"835","OVS00","2000-01-01",
"836","PND00","2000-01-01",
"837","PPK00","2000-01-01",
"838","PPD00","2000-01-01",
"839","PZE00","2000-01-01",
"840","PNS00","2000-01-01",
"841","PTN02","2000-01-01",
"842","PLP00","2000-01-01",
"843","PHL00","2000-01-01",
"844","PAK00","2000-01-01",
"845","PDR00","2000-01-01","2009-01-01"
"846","PBK00","2000-01-01",
"847","PTG00","2000-01-01",
"848","PVT00","2000-01-01",
"849","PTH02","2000-01-01",
"850","PCH00","2000-01-01",
"851","PSB00","2000-01-01",
"852","PMR00","2000-01-01",
"853","PTE00","2000-01-01",
"854","PTN01","2000-01-01",
"855","PTH01","2000-01-01",
"856","RTE00","2000-01-01",
"857","RDK02","2000-01-01",
"858","RWK03","2000-01-01",
"859","RDP00","2000-01-01",
"860","RWD02","2000-01-01",
"861","RVS00","2000-01-01",
"862","RWK02","2000-01-01",
"863","RMW00","2000-01-01",
"864","RKM00","2000-01-01",
"865","RWD01","2000-01-01",
"866","RSN02","2000-01-01",
"867","RSL00","2000-01-01",
"868","RDN02","2000-01-01",
"869","RNN01","2000-01-01",
"870","RHO00","2000-01-01",
"871","RDK01","2000-01-01",
"872","RIE00","2000-01-01",
"873","RHV00","2000-01-01",
"874","RVD00","2000-01-01",
"875","RHT00","2000-01-01","2009-01-01"
"876","RST00","2000-01-01",
"877","RBG02","2000-01-01",
"878","RBG01","2000-01-01",
"879","RSN01","2000-01-01",
"880","RWK01","2000-01-01",
"881","RLD00","2000-01-01",
"882","RKJ00","2000-01-01",
"883","RDN01","2000-01-01",
"884","RMD00","2000-01-01",
"885","RGL00","2000-01-01",
"886","RDE00","2000-01-01",
"887","RDH00","2000-01-01",
"888","RSD00","2000-01-01",
"889","RTR00","2000-01-01",
"890","RML00","2000-01-01",
"891","RSM00","2000-01-01",
"892","RTD10","2000-01-01",
"893","RTD12","2000-01-01",
"894","RTD13","2000-01-01",
"895","RTD14","2000-01-01",
"896","RTD04","2000-01-01",
"897","RTD05","2000-01-01",
"898","RTD06","2000-01-01",
"899","RTD07","2000-01-01",
"900","RTD08","2000-01-01",
"901","RTD09","2000-01-01",
"902","RTV00","2000-01-01",
"903","RZB00","2000-01-01",
"904","RZD00","2000-01-01",
"905","RPN00","2000-01-01",
"906","RNN02","2000-01-01",
"907","RNW00","2000-01-01",
"908","RLO00","2000-01-01",
"909","RWL00","2000-01-01","2009-01-01"
"910","SPM00","2000-01-01",
"911","SAS00","2000-01-01",
"912","SSH00","2000-01-01",
"913","SBG01","2000-01-01",
"914","SGN00","2000-01-01",
"915","SCH03","2000-01-01",
"916","SWK04","2000-01-01","2009-01-01"
"917","SNG00","2000-01-01",
"918","SDA00","2000-01-01",
"919","SLN00","2000-01-01",
"920","SMR01","2000-01-01",
"921","SPN00","2000-01-01",
"922","SPZ00","2000-01-01",
"923","SBK01","2000-01-01",
"924","SDM01","2000-01-01",
"925","SMN01","2000-01-01",
"926","SDL00","2000-01-01",
"927","SMT00","2000-01-01",
"928","SCH02","2000-01-01",
"929","SNN00","2000-01-01",
"930","SVD00","2000-01-01",
"931","SLD02","2000-01-01",
"932","SNB00","2000-01-01",
"933","SHV00","2000-01-01",
"934","SRW02","2000-01-01",
"935","SCH01","2000-01-01",
"936","STN01","2000-01-01",
"937","SVN01","2000-01-01",
"938","SBR00","2000-01-01",
"939","GVL00","2000-01-01",
"940","GVD02","2000-01-01",
"941","GVH19","2000-01-01",
"942","GVH20","2000-01-01",
"943","GVH21","2000-01-01",
"944","GVH22","2000-01-01",
"945","GVH23","2000-01-01",
"946","GVH24","2000-01-01",
"947","GVH25","2000-01-01",
"948","GVH26","2000-01-01",
"949","GVH27","2000-01-01",
"950","GVH28","2000-01-01",
"951","GVH29","2000-01-01",
"952","GVH30","2000-01-01",
"953","GVH31","2000-01-01",
"954","GVH32","2000-01-01",
"955","GVH33","2000-01-01",
"956","GVH34","2000-01-01",
"957","GVH35","2000-01-01",
"958","GVH36","2000-01-01",
"959","GVH37","2000-01-01",
"960","GVH38","2000-01-01",
"961","GVH39","2000-01-01",
"962","GVH40","2000-01-01",
"963","GVH41","2000-01-01",
"964","GVH42","2000-01-01",
"965","GVH43","2000-01-01",
"966","GVH44","2000-01-01",
"967","GVH45","2000-01-01",
"968","GVH46","2000-01-01",
"969","GVH47","2000-01-01",
"970","GVH48","2000-01-01",
"971","GVH49","2000-01-01",
"972","GVH00","2000-01-01",
"973","GVH01","2000-01-01",
"974","GVH02","2000-01-01",
"975","GVH03","2000-01-01",
"976","GVH04","2000-01-01",
"977","GVH05","2000-01-01",
"978","GVH06","2000-01-01",
"979","GVH07","2000-01-01",
"980","GVH08","2000-01-01",
"981","GVH09","2000-01-01",
"982","GVH10","2000-01-01",
"983","GVH11","2000-01-01",
"984","GVH12","2000-01-01",
"985","GVH13","2000-01-01",
"986","GVH14","2000-01-01",
"987","GVH15","2000-01-01",
"988","GVH16","2000-01-01",
"989","GVH17","2000-01-01",
"990","GVH18","2000-01-01",
"991","GVM00","2000-01-01",
"992","GVZ00","2000-01-01",
"993","HDK01","2000-01-01","2009-01-01"
"994","HRB00","2000-01-01",
"995","HTG00","2000-01-01",
"996","SBK02","2000-01-01","2009-01-01"
"997","SPV00","2000-01-01",
"998","ANA02","2000-01-01",
"999","ANL00","2000-01-01",
"1000","GTD02","2000-01-01",
"1001","JCB00","2000-01-01",
"1002","JSN00","2000-01-01","2009-01-01"
"1003","JHN00","2000-01-01",
"1004","KRU00","2000-01-01","2009-01-01"
"1005","MTN00","2000-01-01",
"1006","MTD03","2000-01-01",
"1007","MCG00","2000-01-01",
"1008","ODL00","2000-01-01",
"1009","ODR01","2000-01-01",
"1010","PCS00","2000-01-01",
"1011","PLL00","2000-01-01",
"1012","PTR00","2000-01-01",
"1013","STD00","2000-01-01",
"1014","SLE00","2000-01-01",
"1015","SAK00","2000-01-01",
"1016","SDT00","2000-01-01",
"1017","SLI00","2000-01-01","2009-01-01"
"1018","STR02","2000-01-01",
"1019","STN03","2000-01-01",
"1020","STN02","2000-01-01",
"1021","SLU00","2000-01-01",
"1022","SDE01","2000-01-01",
"1023","SNE00","2000-01-01",
"1024","SRW01","2000-01-01",
"1025","SRD00","2000-01-01",
"1026","SOE00","2000-01-01",
"1027","SMR02","2000-01-01",
"1028","SMD00","2000-01-01",
"1029","SON00","2000-01-01",
"1030","SBK03","2000-01-01",
"1031","SKN00","2000-01-01",
"1032","SPR01","2000-01-01",
"1033","HRV02","2000-01-01",
"1034","AML02","2000-01-01",
"1035","DDN02","2000-01-01",
"1036","DTC02","2000-01-01",
"1037","HDB02","2000-01-01",
"1038","OMN02","2000-01-01",
"1039","SDB02","2000-01-01",
"1040","SHT02","2000-01-01",
"1041","SVN02","2000-01-01",
"1042","SVR00","2000-01-01",
"1043","SDE02","2000-01-01",
"1044","SDM02","2000-01-01",
"1045","SBG02","2000-01-01",
"1046","SDR00","2000-01-01",
"1047","SWK01","2000-01-01",
"1048","SWK05","2000-01-01",
"1049","STE00","2000-01-01",
"1050","SLD01","2000-01-01",
"1051","SVW00","2000-01-01",
"1052","SHT01","2000-01-01",
"1053","SWK02","2000-01-01",
"1054","SWK03","2000-01-01",
"1055","STB00","2000-01-01",
"1056","SRY00","2000-01-01",
"1057","STM00","2000-01-01",
"1058","SKK00","2000-01-01",
"1059","SEN00","2000-01-01",
"1060","STR03","2000-01-01",
"1061","SHZ00","2000-01-01",
"1062","STR01","2000-01-01",
"1063","SMN02","2000-01-01",
"1064","ZAN00","2000-01-01",
"1065","TGL00","2000-01-01",
"1066","BOE00","2000-01-01",
"1067","AAR00","2000-01-01",
"1068","THD00","2000-01-01",
"1069","THN00","2000-01-01",
"1070","TMT00","2000-01-01",
"1071","TND00","2000-01-01",
"1072","TNZ00","2000-01-01",
"1073","TSL00","2000-01-01",
"1074","TTR00","2000-01-01",
"1075","TEL00","2000-01-01",
"1076","TLN00","2000-01-01",
"1077","THO00","2000-01-01",
"1078","TIE00","2000-01-01",
"1079","THV00","2000-01-01",
"1080","TBG01","2000-01-01",
"1081","TLB00","2000-01-01",
"1082","TWD00","2000-01-01",
"1083","TJU00","2000-01-01",
"1084","TSG00","2000-01-01",
"1085","TGR00","2000-01-01",
"1086","TBG02","2000-01-01",
"1087","TUL00","2000-01-01","2009-01-01"
"1088","TLO00","2000-01-01",
"1089","TWI00","2000-01-01","2009-01-01"
"1090","TMU00","2000-01-01",
"1091","UBH00","2000-01-01",
"1092","UBG00","2000-01-01",
"1093","UDN00","2000-01-01",
"1094","UDH00","2000-01-01",
"1095","UGT00","2000-01-01",
"1096","UHN00","2000-01-01",
"1097","UHZ01","2000-01-01",
"1098","UHZ02","2000-01-01",
"1099","ULS00","2000-01-01",
"1100","URM00","2000-01-01",
"1101","URT00","2000-01-01",
"1102","URK00","2000-01-01",
"1103","UMD00","2000-01-01",
"1104","UQT00","2000-01-01",
"1105","UTT00","2000-01-01",
"1106","VAA00","2000-01-01",
"1107","VSN02","2000-01-01",
"1108","VBG02","2000-01-01",
"1109","VKB01","2000-01-01",
"1110","VKB02","2000-01-01",
"1111","VKN00","2000-01-01",
"1112","VKW00","2000-01-01",
"1113","VRK00","2000-01-01",
"1114","VSV00","2000-01-01",
"1115","VDM00","2000-01-01",
"1116","VND00","2000-01-01",
"1117","VWD01","2000-01-01",
"1118","VRE00","2000-01-01",
"1119","VSN03","2000-01-01",
"1120","VHL00","2000-01-01",
"1121","VHV01","2000-01-01",
"1122","VHZ01","2000-01-01",
"1123","VEL01","2000-01-01",
"1124","VEL02","2000-01-01","2009-01-01"
"1125","VSN01","2000-01-01",
"1126","VHZ03","2000-01-01",
"1127","VLO00","2000-01-01",
"1128","VRY00","2000-01-01",
"1129","VSM01","2000-01-01",
"1130","VEU00","2000-01-01",
"1131","VAN00","2000-01-01",
"1132","VLB00","2000-01-01",
"1133","VPD00","2000-01-01",
"1134","VKV00","2000-01-01",
"1135","VDG00","2000-01-01",
"1136","VWD02","2000-01-01",
"1137","VDR00","2000-01-01",
"1138","VTN00","2000-01-01",
"1139","VLD01","2000-01-01",
"1140","VDN01","2000-01-01","2009-01-01"
"1141","VMN00","2000-01-01",
"1142","VSG00","2000-01-01",
"1143","VLI00","2000-01-01",
"1144","VDP00","2000-01-01",
"1145","VRD00","2000-01-01",
"1146","VLH00","2000-01-01",
"1147","VBG01","2000-01-01",
"1148","VHT00","2000-01-01",
"1149","VST00","2000-01-01",
"1150","VOO00","2000-01-01",
"1151","VHZ02","2000-01-01",
"1152","VDN02","2000-01-01",
"1153","VLD02","2000-01-01",
"1154","VWK00","2000-01-01",
"1155","VRI00","2000-01-01",
"1156","VZV00","2000-01-01",
"1157","VHV02","2000-01-01","2009-01-01"
"1158","VUG00","2000-01-01",
"1159","VRN00","2000-01-01",
"1160","WRE02","2000-01-01",
"1161","WWK00","2000-01-01",
"1162","WDE01","2000-01-01",
"1163","WDR02","2000-01-01","2000-01-01"
"1164","WDB01","2000-01-01",
"1165","WDR02","2000-01-01",
"1166","WDZ03","2000-01-01","2009-01-01"
"1167","WDZ01","2000-01-01","2009-01-01"
"1168","WDZ02","2000-01-01","2009-01-01"
"1169","WDV01","2000-01-01",
"1170","WDN03","2000-01-01",
"1171","WGN00","2000-01-01",
"1172","WML00","2000-01-01",
"1173","WNP00","2000-01-01",
"1174","WRJ00","2000-01-01",
"1175","WSM02","2000-01-01",
"1176","WDR01","2000-01-01",
"1177","WFM00","2000-01-01",
"1178","WMH00","2000-01-01",
"1179","WMD01","2000-01-01",
"1180","WVD00","2000-01-01",
"1181","WRG04","2000-01-01",
"1182","WPK01","2000-01-01",
"1183","WSN01","2000-01-01",
"1184","WTG02","2000-01-01",
"1185","WTR00","2000-01-01",
"1186","WTL00","2000-01-01",
"1187","WVV00","2000-01-01",
"1188","WDE03","2000-01-01",
"1189","WSL02","2000-01-01",
"1190","WEE01","2000-01-01",
"1191","WEE02","2000-01-01",
"1192","WPK02","2000-01-01",
"1193","WEH00","2000-01-01",
"1194","WMD02","2000-01-01",
"1195","WKD00","2000-01-01",
"1196","WHV00","2000-01-01",
"1197","WVH00","2000-01-01",
"1198","WSM01","2000-01-01",
"1199","WBK00","2000-01-01","2009-01-01"
"1200","WDP00","2000-01-01",
"1201","WTB00","2000-01-01",
"1202","WTG01","2000-01-01",
"1203","WTH00","2000-01-01",
"1204","KGL02","2000-01-01",
"1205","WTS00","2000-01-01",
"1206","WTV00","2000-01-01",
"1207","WKP00","2000-01-01",
"1208","WMS01","2000-01-01",
"1209","WVN00","2000-01-01",
"1210","WZN00","2000-01-01",
"1211","WEU00","2000-01-01",
"1212","WDN02","2000-01-01",
"1213","WRG01","2000-01-01",
"1214","WRG03","2000-01-01",
"1215","WRG02","2000-01-01",
"1216","WCN00","2000-01-01",
"1217","WDW00","2000-01-01",
"1218","WHE00","2000-01-01",
"1219","WIJ02","2000-01-01",
"1220","WIJ01","2000-01-01",
"1221","WRE01","2000-01-01",
"1222","WNR00","2000-01-01",
"1223","WGD00","2000-01-01",
"1224","WDV03","2000-01-01",
"1225","WDV02","2000-01-01",
"1226","WLS00","2000-01-01",
"1227","WLK00","2000-01-01",
"1228","WLG00","2000-01-01",
"1229","WNS00","2000-01-01",
"1230","WIL00","2000-01-01",
"1231","WSM03","2000-01-01","2009-01-01"
"1232","WST00","2000-01-01",
"1233","WSN02","2000-01-01",
"1234","WSM04","2000-01-01",
"1235","WTW00","2000-01-01",
"1236","WDM00","2000-01-01",
"1237","WIS00","2000-01-01",
"1238","WSK00","2000-01-01",
"1239","WMS03","2000-01-01",
"1240","WTM00","2000-01-01",
"1241","WDT00","2000-01-01",
"1242","WSL01","2000-01-01",
"1243","WDN01","2000-01-01",
"1244","WNM00","2000-01-01",
"1245","WPD00","2000-01-01","2009-01-01"
"1246","WVG00","2000-01-01",
"1247","WMS02","2000-01-01",
"1248","WKM00","2000-01-01",
"1249","WMR00","2000-01-01",
"1250","WMV00","2000-01-01",
"1251","WBG00","2000-01-01",
"1252","WDB02","2000-01-01",
"1253","WDC00","2000-01-01",
"1254","WED00","2000-01-01",
"1255","WOU00","2000-01-01",
"1256","YSK00","2000-01-01",
"1257","ZSG00","2000-01-01",
"1258","ZDM01","2000-01-01",
"1259","ZDK00","2000-01-01",
"1260","ZAL00","2000-01-01","2009-01-01"
"1261","ZBM00","2000-01-01",
"1262","ZVT00","2000-01-01",
"1263","ZDM02","2000-01-01",
"1264","ZDR00","2000-01-01",
"1265","ZLD02","2000-01-01",
"1266","ZWD03","2000-01-01",
"1267","ZVD00","2000-01-01",
"1268","ZWD01","2000-01-01",
"1269","ZEI00","2000-01-01",
"1270","ZHM00","2000-01-01",
"1271","ZGH00","2000-01-01","2009-01-01"
"1272","ZTN00","2000-01-01",
"1273","ZVN01","2000-01-01",
"1274","ZVB00","2000-01-01",
"1275","ZVH01","2000-01-01",
"1276","ZVH02","2000-01-01",
"1277","ZRZ00","2000-01-01",
"1278","ZPE00","2000-01-01",
"1279","ZLN01","2000-01-01",
"1280","ZTM00","2000-01-01",
"1281","ZTW01","2000-01-01",
"1282","ZTV00","2000-01-01",
"1283","BEL02","2000-01-01",
"1284","ZBK00","2000-01-01",
"1285","ZHN00","2000-01-01",
"1286","ZLD01","2000-01-01",
"1287","ZLR00","2000-01-01",
"1288","ZWD02","2000-01-01",
"1289","ZZD00","2000-01-01","2009-01-01"
"1290","ZLN02","2000-01-01",
"1291","ZLC00","2000-01-01","2009-01-01"
"1292","ZDT02","2000-01-01",
"1293","ZPN00","2000-01-01",
"1294","ZMD00","2000-01-01","2009-01-01"
"1295","ZTW02","2000-01-01",
"1296","ZSS00","2000-01-01",
"1297","ZLO00","2000-01-01",
"1298","ZDT01","2000-01-01",
"1299","ZLE00","2000-01-01",
"1300","ZLK00","2000-01-01",
